{"cameraMode":{"drawMode":0,"name":"Shaded","section":"Shading Mode"},"sceneLighting":true,"audioPlay":false,"sceneViewState":{"m_AlwaysRefresh":false,"showFog":true,"showSkybox":true,"showFlares":true,"showImageEffects":true,"showParticleSystems":true,"showVisualEffectGraphs":true,"m_FxEnabled":true},"in2DMode":false,"pivot":{"x":-15.379789352416993,"y":2.4313154220581056,"z":-22.427263259887697},"rotation":{"x":0.1708879917860031,"y":0.3422257602214813,"z":-0.06344444304704666,"w":0.9217724204063416},"size":12.087542533874512,"orthographic":false}