{"cameraMode":{"drawMode":0,"name":"Shaded","section":"Shading Mode"},"sceneLighting":false,"audioPlay":false,"sceneViewState":{"m_AlwaysRefresh":false,"showFog":true,"showSkybox":false,"showFlares":true,"showImageEffects":true,"showParticleSystems":true,"showVisualEffectGraphs":true,"m_FxEnabled":true},"in2DMode":false,"pivot":{"x":12.260868072509766,"y":30.555660247802736,"z":-18.09151840209961},"rotation":{"x":-0.0026807712856680156,"y":0.9967163801193237,"z":-0.07219812273979187,"w":-0.037095796316862109},"size":1.587458610534668,"orthographic":false}